Company Name,Industry,ticker,Series,ISIN Code,security_id
360 ONE WAM Ltd.,Financial Services,360ONE,EQ,INE466L01038,13061
3M India Ltd.,Diversified,3MINDIA,EQ,INE470A01017,474
ABB India Ltd.,Capital Goods,ABB,EQ,INE117A01022,13
ACC Ltd.,Construction Materials,ACC,EQ,INE012A01025,22
ACME Solar Holdings Ltd.,Power,ACMESOLAR,EQ,INE622W01025,27061
AIA Engineering Ltd.,Capital Goods,AIAENG,EQ,INE212H01026,13086
APL Apollo Tubes Ltd.,Capital Goods,APLAPOLLO,EQ,INE702C01027,25780
AU Small Finance Bank Ltd.,Financial Services,AUBANK,EQ,INE949L01017,21238
AWL Agri Business Ltd.,Fast Moving Consumer Goods,AWL,EQ,INE699H01024,8110
Aadhar Housing Finance Ltd.,Financial Services,AADHARHFC,EQ,INE883F01010,23729
Aarti Industries Ltd.,Chemicals,AARTIIND,EQ,INE769A01020,7
Aavas Financiers Ltd.,Financial Services,AAVAS,EQ,INE216P01012,5385
Abbott India Ltd.,Healthcare,ABBOTINDIA,EQ,INE358A01014,17903
Action Construction Equipment Ltd.,Capital Goods,ACE,EQ,INE731H01025,13587
Adani Energy Solutions Ltd.,Power,ADANIENSOL,EQ,INE931S01010,10217
Adani Enterprises Ltd.,Metals & Mining,ADANIENT,EQ,INE423A01024,25
Adani Green Energy Ltd.,Power,ADANIGREEN,EQ,INE364U01010,3563
Adani Ports and Special Economic Zone Ltd.,Services,ADANIPORTS,EQ,INE742F01042,15083
Adani Power Ltd.,Power,ADANIPOWER,EQ,INE814H01011,17388
Adani Total Gas Ltd.,Oil Gas & Consumable Fuels,ATGL,EQ,INE399L01023,6066
Aditya Birla Capital Ltd.,Financial Services,ABCAPITAL,EQ,INE674K01013,21614
Aditya Birla Fashion and Retail Ltd.,Consumer Services,ABFRL,EQ,INE647O01011,30108
Aditya Birla Real Estate Ltd.,Forest Materials,ABREL,EQ,INE055A01016,625
Aditya Birla Sun Life AMC Ltd.,Financial Services,ABSLAMC,EQ,INE404A01024,6018
Aegis Logistics Ltd.,Oil Gas & Consumable Fuels,AEGISLOG,EQ,INE208C01025,40
Afcons Infrastructure Ltd.,Construction,AFCONS,EQ,INE101I01011,25977
Affle 3i Ltd.,Information Technology,AFFLE,EQ,INE00WC01027,11343
Ajanta Pharmaceuticals Ltd.,Healthcare,AJANTPHARM,EQ,INE031B01049,8124
Akums Drugs and Pharmaceuticals Ltd.,Healthcare,AKUMS,EQ,INE09XN01023,24715
Alembic Pharmaceuticals Ltd.,Healthcare,APLLTD,EQ,INE901L01018,25328
Alivus Life Sciences Ltd.,Healthcare,ALIVUS,EQ,INE03Q201024,5265
Alkem Laboratories Ltd.,Healthcare,ALKEM,EQ,INE540L01014,11703
Alkyl Amines Chemicals Ltd.,Chemicals,ALKYLAMINE,EQ,INE150B01039,4487
Alok Industries Ltd.,Textiles,ALOKINDS,EQ,INE270A01029,17675
Amara Raja Energy & Mobility Ltd.,Automobile and Auto Components,ARE&M,EQ,INE885A01032,100
Amber Enterprises India Ltd.,Consumer Durables,AMBER,EQ,INE371P01015,1185
Ambuja Cements Ltd.,Construction Materials,AMBUJACEM,EQ,INE079A01024,1270
Anand Rathi Wealth Ltd.,Financial Services,ANANDRATHI,EQ,INE463V01026,7145
Anant Raj Ltd.,Realty,ANANTRAJ,EQ,INE242C01024,13620
Angel One Ltd.,Financial Services,ANGELONE,EQ,INE732I01013,324
Apar Industries Ltd.,Capital Goods,APARINDS,EQ,INE372A01015,11491
Apollo Hospitals Enterprise Ltd.,Healthcare,APOLLOHOSP,EQ,INE437A01024,157
Apollo Tyres Ltd.,Automobile and Auto Components,APOLLOTYRE,EQ,INE438A01022,163
Aptus Value Housing Finance India Ltd.,Financial Services,APTUS,EQ,INE852O01025,5435
Asahi India Glass Ltd.,Automobile and Auto Components,ASAHIINDIA,EQ,INE439A01020,5378
Ashok Leyland Ltd.,Capital Goods,ASHOKLEY,EQ,INE208A01029,212
Asian Paints Ltd.,Consumer Durables,ASIANPAINT,EQ,INE021A01026,236
Aster DM Healthcare Ltd.,Healthcare,ASTERDM,EQ,INE914M01019,1508
AstraZenca Pharma India Ltd.,Healthcare,ASTRAZEN,EQ,INE203A01020,5610
Astral Ltd.,Capital Goods,ASTRAL,EQ,INE006I01046,14418
Atul Ltd.,Chemicals,ATUL,EQ,INE100A01010,263
Aurobindo Pharma Ltd.,Healthcare,AUROPHARMA,EQ,INE406A01037,275
Authum Investment & Infrastructure Ltd.,Financial Services,AIIL,EQ,INE206F01022,23553
Avenue Supermarts Ltd.,Consumer Services,DMART,EQ,INE192R01011,19913
Axis Bank Ltd.,Financial Services,AXISBANK,EQ,INE238A01034,5900
BASF India Ltd.,Chemicals,BASF,EQ,INE373A01013,368
BEML Ltd.,Capital Goods,BEML,EQ,INE258A01016,395
BLS International Services Ltd.,Consumer Services,BLS,EQ,INE153T01027,17279
BSE Ltd.,Financial Services,BSE,EQ,INE118H01025,19585
Bajaj Auto Ltd.,Automobile and Auto Components,BAJAJ-AUTO,EQ,INE917I01010,16669
Bajaj Finance Ltd.,Financial Services,BAJFINANCE,EQ,INE296A01024,317
Bajaj Finserv Ltd.,Financial Services,BAJAJFINSV,EQ,INE918I01026,16675
Bajaj Holdings & Investment Ltd.,Financial Services,BAJAJHLDNG,EQ,INE118A01012,305
Bajaj Housing Finance Ltd.,Financial Services,BAJAJHFL,EQ,INE377Y01014,25270
Balkrishna Industries Ltd.,Automobile and Auto Components,BALKRISIND,EQ,INE787D01026,335
Balrampur Chini Mills Ltd.,Fast Moving Consumer Goods,BALRAMCHIN,EQ,INE119A01028,341
Bandhan Bank Ltd.,Financial Services,BANDHANBNK,EQ,INE545U01014,2263
Bank of Baroda,Financial Services,BANKBARODA,EQ,INE028A01039,4668
Bank of India,Financial Services,BANKINDIA,EQ,INE084A01016,4745
Bank of Maharashtra,Financial Services,MAHABANK,EQ,INE457A01014,11377
Bata India Ltd.,Consumer Durables,BATAINDIA,EQ,INE176A01028,371
Bayer Cropscience Ltd.,Chemicals,BAYERCROP,EQ,INE462A01022,17927
Berger Paints India Ltd.,Consumer Durables,BERGEPAINT,EQ,INE463A01038,404
Bharat Dynamics Ltd.,Capital Goods,BDL,EQ,INE171Z01026,2144
Bharat Electronics Ltd.,Capital Goods,BEL,EQ,INE263A01024,383
Bharat Forge Ltd.,Automobile and Auto Components,BHARATFORG,EQ,INE465A01025,422
Bharat Heavy Electricals Ltd.,Capital Goods,BHEL,EQ,INE257A01026,438
Bharat Petroleum Corporation Ltd.,Oil Gas & Consumable Fuels,BPCL,EQ,INE029A01011,526
Bharti Airtel Ltd.,Telecommunication,BHARTIARTL,EQ,INE397D01024,10604
Bharti Hexacom Ltd.,Telecommunication,BHARTIHEXA,EQ,INE343G01021,23489
Bikaji Foods International Ltd.,Fast Moving Consumer Goods,BIKAJI,EQ,INE00E101023,11966
Biocon Ltd.,Healthcare,BIOCON,EQ,INE376G01013,11373
Birlasoft Ltd.,Information Technology,BSOFT,EQ,INE836A01035,6994
Blue Dart Express Ltd.,Services,BLUEDART,EQ,INE233B01017,495
Blue Star Ltd.,Consumer Durables,BLUESTARCO,EQ,INE472A01039,8311
Bombay Burmah Trading Corporation Ltd.,Fast Moving Consumer Goods,BBTC,EQ,INE050A01025,380
Bosch Ltd.,Automobile and Auto Components,BOSCHLTD,EQ,INE323A01026,2181
Brainbees Solutions Ltd.,Consumer Services,FIRSTCRY,EQ,INE02RE01045,24814
Brigade Enterprises Ltd.,Realty,BRIGADE,EQ,INE791I01019,15184
Britannia Industries Ltd.,Fast Moving Consumer Goods,BRITANNIA,EQ,INE216A01030,547
C.E. Info Systems Ltd.,Information Technology,MAPMYINDIA,EQ,INE0BV301023,7227
CCL Products (I) Ltd.,Fast Moving Consumer Goods,CCL,EQ,INE421D01022,11452
CESC Ltd.,Power,CESC,EQ,INE486A01021,628
CG Power and Industrial Solutions Ltd.,Capital Goods,CGPOWER,EQ,INE067A01029,760
CRISIL Ltd.,Financial Services,CRISIL,EQ,INE007A01025,757
Campus Activewear Ltd.,Consumer Durables,CAMPUS,EQ,INE278Y01022,9362
Can Fin Homes Ltd.,Financial Services,CANFINHOME,EQ,INE477A01020,583
Canara Bank,Financial Services,CANBK,EQ,INE476A01022,10794
Caplin Point Laboratories Ltd.,Healthcare,CAPLIPOINT,EQ,INE475E01026,3906
Capri Global Capital Ltd.,Financial Services,CGCL,EQ,INE180C01042,20329
Carborundum Universal Ltd.,Capital Goods,CARBORUNIV,EQ,INE120A01034,595
Castrol India Ltd.,Oil Gas & Consumable Fuels,CASTROLIND,EQ,INE172A01027,1250
Ceat Ltd.,Automobile and Auto Components,CEATLTD,EQ,INE482A01020,15254
Central Bank of India,Financial Services,CENTRALBK,EQ,INE483A01010,14894
Central Depository Services (India) Ltd.,Financial Services,CDSL,EQ,INE736A01011,21174
Century Plyboards (India) Ltd.,Consumer Durables,CENTURYPLY,EQ,INE348B01021,13305
Cera Sanitaryware Ltd,Consumer Durables,CERA,EQ,INE739E01017,15039
Chalet Hotels Ltd.,Consumer Services,CHALET,EQ,INE427F01016,8546
Chambal Fertilizers & Chemicals Ltd.,Chemicals,CHAMBLFERT,EQ,INE085A01013,637
Chennai Petroleum Corporation Ltd.,Oil Gas & Consumable Fuels,CHENNPETRO,EQ,INE178A01016,2049
Cholamandalam Financial Holdings Ltd.,Financial Services,CHOLAHLDNG,EQ,INE149A01033,21740
Cholamandalam Investment and Finance Company Ltd.,Financial Services,CHOLAFIN,EQ,INE121A01024,685
Cipla Ltd.,Healthcare,CIPLA,EQ,INE059A01026,694
City Union Bank Ltd.,Financial Services,CUB,EQ,INE491A01021,5701
Clean Science and Technology Ltd.,Chemicals,CLEAN,EQ,INE227W01023,5049
Coal India Ltd.,Oil Gas & Consumable Fuels,COALINDIA,EQ,INE522F01014,20374
Cochin Shipyard Ltd.,Capital Goods,COCHINSHIP,EQ,INE704P01025,21508
Coforge Ltd.,Information Technology,COFORGE,EQ,INE591G01017,11543
Cohance Lifesciences Ltd.,Healthcare,COHANCE,EQ,INE03QK01018,3948515a-4fed-4e0c-ab85-4b9c9bb17bb6
Colgate Palmolive (India) Ltd.,Fast Moving Consumer Goods,COLPAL,EQ,INE259A01022,15141
Computer Age Management Services Ltd.,Financial Services,CAMS,EQ,INE596I01012,342
Concord Biotech Ltd.,Healthcare,CONCORDBIO,EQ,INE338H01029,18060
Container Corporation of India Ltd.,Services,CONCOR,EQ,INE111A01025,4749
Coromandel International Ltd.,Chemicals,COROMANDEL,EQ,INE169A01031,739
Craftsman Automation Ltd.,Automobile and Auto Components,CRAFTSMAN,EQ,INE00LO01017,2854
CreditAccess Grameen Ltd.,Financial Services,CREDITACC,EQ,INE741K01010,4421
Crompton Greaves Consumer Electricals Ltd.,Consumer Durables,CROMPTON,EQ,INE299U01018,17094
Cummins India Ltd.,Capital Goods,CUMMINSIND,EQ,INE298A01020,1901
Cyient Ltd.,Information Technology,CYIENT,EQ,INE136B01020,5748
DCM Shriram Ltd.,Diversified,DCMSHRIRAM,EQ,INE499A01024,811
DLF Ltd.,Realty,DLF,EQ,INE271C01023,14732
DOMS Industries Ltd.,Fast Moving Consumer Goods,DOMS,EQ,INE321T01012,20551
Dabur India Ltd.,Fast Moving Consumer Goods,DABUR,EQ,INE016A01026,772
Dalmia Bharat Ltd.,Construction Materials,DALBHARAT,EQ,INE00R701025,8075
Data Patterns (India) Ltd.,Capital Goods,DATAPATTNS,EQ,INE0IX101010,7358
Deepak Fertilisers & Petrochemicals Corp. Ltd.,Chemicals,DEEPAKFERT,EQ,INE501A01019,827
Deepak Nitrite Ltd.,Chemicals,DEEPAKNTR,EQ,INE288B01029,19943
Delhivery Ltd.,Services,DELHIVERY,EQ,INE148O01028,9599
Devyani International Ltd.,Consumer Services,DEVYANI,EQ,INE872J01023,5373
Divi's Laboratories Ltd.,Healthcare,DIVISLAB,EQ,INE361B01024,10940
Dixon Technologies (India) Ltd.,Consumer Durables,DIXON,EQ,INE935N01020,21690
Dr. Lal Path Labs Ltd.,Healthcare,LALPATHLAB,EQ,INE600L01024,11654
Dr. Reddy's Laboratories Ltd.,Healthcare,DRREDDY,EQ,INE089A01031,881
E.I.D. Parry (India) Ltd.,Fast Moving Consumer Goods,EIDPARRY,EQ,INE126A01031,916
EIH Ltd.,Consumer Services,EIHOTEL,EQ,INE230A01023,919
Eicher Motors Ltd.,Automobile and Auto Components,EICHERMOT,EQ,INE066A01021,910
Elecon Engineering Co. Ltd.,Capital Goods,ELECON,EQ,INE205B01031,13643
Elgi Equipments Ltd.,Capital Goods,ELGIEQUIP,EQ,INE285A01027,937
Emami Ltd.,Fast Moving Consumer Goods,EMAMILTD,EQ,INE548C01032,13517
Emcure Pharmaceuticals Ltd.,Healthcare,EMCURE,EQ,INE168P01015,24398
Endurance Technologies Ltd.,Automobile and Auto Components,ENDURANCE,EQ,INE913H01037,18822
Engineers India Ltd.,Construction,ENGINERSIN,EQ,INE510A01028,4907
Eris Lifesciences Ltd.,Healthcare,ERIS,EQ,INE406M01024,21154
Escorts Kubota Ltd.,Capital Goods,ESCORTS,EQ,INE042A01014,958
Eternal Ltd.,Consumer Services,ETERNAL,EQ,INE758T01015,5097
Exide Industries Ltd.,Automobile and Auto Components,EXIDEIND,EQ,INE302A01020,676
FSN E-Commerce Ventures Ltd.,Consumer Services,NYKAA,EQ,INE388Y01029,6545
Federal Bank Ltd.,Financial Services,FEDERALBNK,EQ,INE171A01029,1023
Fertilisers and Chemicals Travancore Ltd.,Chemicals,FACT,EQ,INE188A01015,1008
Finolex Cables Ltd.,Capital Goods,FINCABLES,EQ,INE235A01022,1038
Finolex Industries Ltd.,Capital Goods,FINPIPE,EQ,INE183A01024,1041
Firstsource Solutions Ltd.,Services,FSL,EQ,INE684F01012,14304
Five-Star Business Finance Ltd.,Financial Services,FIVESTAR,EQ,INE128S01021,12032
Fortis Healthcare Ltd.,Healthcare,FORTIS,EQ,INE061F01013,14592
GAIL (India) Ltd.,Oil Gas & Consumable Fuels,GAIL,EQ,INE129A01019,4717
GE Vernova T&D India Ltd.,Capital Goods,GVT&D,EQ,INE200A01026,16783
GMR Airports Ltd.,Services,GMRAIRPORT,EQ,INE776C01039,13528
Garden Reach Shipbuilders & Engineers Ltd.,Capital Goods,GRSE,EQ,INE382Z01011,5475
General Insurance Corporation of India,Financial Services,GICRE,EQ,INE481Y01014,277
Gillette India Ltd.,Fast Moving Consumer Goods,GILLETTE,EQ,INE322A01010,1576
Gland Pharma Ltd.,Healthcare,GLAND,EQ,INE068V01023,1186
Glaxosmithkline Pharmaceuticals Ltd.,Healthcare,GLAXO,EQ,INE159A01016,1153
Glenmark Pharmaceuticals Ltd.,Healthcare,GLENMARK,EQ,INE935A01035,7406
Global Health Ltd.,Healthcare,MEDANTA,EQ,INE474Q01031,11956
Go Digit General Insurance Ltd.,Financial Services,GODIGIT,EQ,INE03JT01014,23799
Godawari Power & Ispat Ltd.,Capital Goods,GPIL,EQ,INE177H01039,13409
Godfrey Phillips India Ltd.,Fast Moving Consumer Goods,GODFRYPHLP,EQ,INE260B01028,1181
Godrej Agrovet Ltd.,Fast Moving Consumer Goods,GODREJAGRO,EQ,INE850D01014,144
Godrej Consumer Products Ltd.,Fast Moving Consumer Goods,GODREJCP,EQ,INE102D01028,10099
Godrej Industries Ltd.,Diversified,GODREJIND,EQ,INE233A01035,10925
Godrej Properties Ltd.,Realty,GODREJPROP,EQ,INE484J01027,17875
Granules India Ltd.,Healthcare,GRANULES,EQ,INE101D01020,11872
Graphite India Ltd.,Capital Goods,GRAPHITE,EQ,INE371A01025,592
Grasim Industries Ltd.,Construction Materials,GRASIM,EQ,INE047A01021,1232
Gravita India Ltd.,Metals & Mining,GRAVITA,EQ,INE024L01027,20534
Great Eastern Shipping Co. Ltd.,Services,GESHIP,EQ,INE017A01032,13776
Gujarat Fluorochemicals Ltd.,Chemicals,FLUOROCHEM,EQ,INE09N301011,13750
Gujarat Gas Ltd.,Oil Gas & Consumable Fuels,GUJGASLTD,EQ,INE844O01030,10599
Gujarat Mineral Development Corporation Ltd.,Metals & Mining,GMDCLTD,EQ,INE131A01031,5204
Gujarat Narmada Valley Fertilizers and Chemicals Ltd.,Chemicals,GNFC,EQ,INE113A01013,1174
Gujarat Pipavav Port Ltd.,Services,GPPL,EQ,INE517F01014,19731
Gujarat State Petronet Ltd.,Oil Gas & Consumable Fuels,GSPL,EQ,INE246F01010,13197
H.E.G. Ltd.,Capital Goods,HEG,EQ,INE545A01024,1336
HBL Engineering Ltd.,Capital Goods,HBLENGINE,EQ,INE292B01021,13966
HCL Technologies Ltd.,Information Technology,HCLTECH,EQ,INE860A01027,7229
HDFC Asset Management Company Ltd.,Financial Services,HDFCAMC,EQ,INE127D01025,4244
HDFC Bank Ltd.,Financial Services,HDFCBANK,EQ,INE040A01034,1333
HDFC Life Insurance Company Ltd.,Financial Services,HDFCLIFE,EQ,INE795G01014,467
HFCL Ltd.,Telecommunication,HFCL,EQ,INE548A01028,21951
Happiest Minds Technologies Ltd.,Information Technology,HAPPSTMNDS,EQ,INE419U01012,48
Havells India Ltd.,Consumer Durables,HAVELLS,EQ,INE176B01034,9819
Hero MotoCorp Ltd.,Automobile and Auto Components,HEROMOTOCO,EQ,INE158A01026,1348
Himadri Speciality Chemical Ltd.,Chemicals,HSCL,EQ,INE019C01026,14334
Hindalco Industries Ltd.,Metals & Mining,HINDALCO,EQ,INE038A01020,1363
Hindustan Aeronautics Ltd.,Capital Goods,HAL,EQ,INE066F01020,2303
Hindustan Copper Ltd.,Metals & Mining,HINDCOPPER,EQ,INE531E01026,17939
Hindustan Petroleum Corporation Ltd.,Oil Gas & Consumable Fuels,HINDPETRO,EQ,INE094A01015,1406
Hindustan Unilever Ltd.,Fast Moving Consumer Goods,HINDUNILVR,EQ,INE030A01027,1394
Hindustan Zinc Ltd.,Metals & Mining,HINDZINC,EQ,INE267A01025,1424
Hitachi Energy India Ltd.,Capital Goods,POWERINDIA,EQ,INE07Y701011,18457
Home First Finance Company India Ltd.,Financial Services,HOMEFIRST,EQ,INE481N01025,2056
Honasa Consumer Ltd.,Fast Moving Consumer Goods,HONASA,EQ,INE0J5401028,19813
Honeywell Automation India Ltd.,Capital Goods,HONAUT,EQ,INE671A01010,3417
Housing & Urban Development Corporation Ltd.,Financial Services,HUDCO,EQ,INE031A01017,20825
Hyundai Motor India Ltd.,Automobile and Auto Components,HYUNDAI,EQ,INE0V6F01027,25844
ICICI Bank Ltd.,Financial Services,ICICIBANK,EQ,INE090A01021,4963
ICICI Lombard General Insurance Company Ltd.,Financial Services,ICICIGI,EQ,INE765G01017,21770
ICICI Prudential Life Insurance Company Ltd.,Financial Services,ICICIPRULI,EQ,INE726G01019,18652
IDBI Bank Ltd.,Financial Services,IDBI,EQ,INE008A01015,1476
IDFC First Bank Ltd.,Financial Services,IDFCFIRSTB,EQ,INE092T01019,11184
IFCI Ltd.,Financial Services,IFCI,EQ,INE039A01010,1491
IIFL Finance Ltd.,Financial Services,IIFL,EQ,INE530B01024,11809
INOX India Ltd.,Capital Goods,INOXINDIA,EQ,INE616N01034,20607
IRB Infrastructure Developers Ltd.,Construction,IRB,EQ,INE821I01022,15313
IRCON International Ltd.,Construction,IRCON,EQ,INE962Y01021,4986
ITC Ltd.,Fast Moving Consumer Goods,ITC,EQ,INE154A01025,1660
ITI Ltd.,Telecommunication,ITI,EQ,INE248A01017,1675
Indegene Ltd.,Healthcare,INDGN,EQ,INE065X01017,23693
India Cements Ltd.,Construction Materials,INDIACEM,EQ,INE383A01012,1515
Indiamart Intermesh Ltd.,Consumer Services,INDIAMART,EQ,INE933S01016,10726
Indian Bank,Financial Services,INDIANB,EQ,INE562A01011,14309
Indian Energy Exchange Ltd.,Financial Services,IEX,EQ,INE022Q01020,220
Indian Hotels Co. Ltd.,Consumer Services,INDHOTEL,EQ,INE053A01029,1512
Indian Oil Corporation Ltd.,Oil Gas & Consumable Fuels,IOC,EQ,INE242A01010,1624
Indian Overseas Bank,Financial Services,IOB,EQ,INE565A01014,9348
Indian Railway Catering And Tourism Corporation Ltd.,Consumer Services,IRCTC,EQ,INE335Y01020,13611
Indian Railway Finance Corporation Ltd.,Financial Services,IRFC,EQ,INE053F01010,2029
Indian Renewable Energy Development Agency Ltd.,Financial Services,IREDA,EQ,INE202E01016,20261
Indraprastha Gas Ltd.,Oil Gas & Consumable Fuels,IGL,EQ,INE203G01027,11262
Indus Towers Ltd.,Telecommunication,INDUSTOWER,EQ,INE121J01017,29135
IndusInd Bank Ltd.,Financial Services,INDUSINDBK,EQ,INE095A01012,5258
Info Edge (India) Ltd.,Consumer Services,NAUKRI,EQ,INE663F01032,13751
Infosys Ltd.,Information Technology,INFY,EQ,INE009A01021,1594
Inox Wind Ltd.,Capital Goods,INOXWIND,EQ,INE066P01011,7852
Intellect Design Arena Ltd.,Information Technology,INTELLECT,EQ,INE306R01017,5926
InterGlobe Aviation Ltd.,Services,INDIGO,EQ,INE646L01027,11195
International Gemmological Institute (India) Ltd.,Services,IGIL,EQ,INE0Q9301021,28378
Inventurus Knowledge Solutions Ltd.,Information Technology,IKS,EQ,INE115Q01022,28125
Ipca Laboratories Ltd.,Healthcare,IPCALAB,EQ,INE571A01038,1633
J.B. Chemicals & Pharmaceuticals Ltd.,Healthcare,JBCHEPHARM,EQ,INE572A01036,1726
J.K. Cement Ltd.,Construction Materials,JKCEMENT,EQ,INE823G01014,13270
JBM Auto Ltd.,Automobile and Auto Components,JBMA,EQ,INE927D01051,11655
JK Tyre & Industries Ltd.,Automobile and Auto Components,JKTYRE,EQ,INE573A01042,14435
JM Financial Ltd.,Financial Services,JMFINANCIL,EQ,INE780C01023,13637
JSW Energy Ltd.,Power,JSWENERGY,EQ,INE121E01018,17869
JSW Holdings Ltd.,Financial Services,JSWHL,BE,INE824G01012,11883
JSW Infrastructure Ltd.,Services,JSWINFRA,EQ,INE880J01026,19020
JSW Steel Ltd.,Metals & Mining,JSWSTEEL,EQ,INE019A01038,11723
Jaiprakash Power Ventures Ltd.,Power,JPPOWER,EQ,INE351F01018,11763
Jammu & Kashmir Bank Ltd.,Financial Services,J&KBANK,EQ,INE168A01041,5633
Jindal Saw Ltd.,Capital Goods,JINDALSAW,EQ,INE324A01032,3024
Jindal Stainless Ltd.,Metals & Mining,JSL,EQ,INE220G01021,11236
Jindal Steel & Power Ltd.,Metals & Mining,JINDALSTEL,EQ,INE749A01030,6733
Jio Financial Services Ltd.,Financial Services,JIOFIN,EQ,INE758E01017,18143
Jubilant Foodworks Ltd.,Consumer Services,JUBLFOOD,EQ,INE797F01020,18096
Jubilant Ingrevia Ltd.,Chemicals,JUBLINGREA,EQ,INE0BY001018,2783
Jubilant Pharmova Ltd.,Healthcare,JUBLPHARMA,EQ,INE700A01033,3637
Jupiter Wagons Ltd.,Capital Goods,JWL,EQ,INE209L01016,20224
Justdial Ltd.,Consumer Services,JUSTDIAL,EQ,INE599M01018,29962
Jyothy Labs Ltd.,Fast Moving Consumer Goods,JYOTHYLAB,EQ,INE668F01031,15146
Jyoti CNC Automation Ltd.,Capital Goods,JYOTICNC,EQ,INE980O01024,21334
K.P.R. Mill Ltd.,Textiles,KPRMILL,EQ,INE930H01031,14912
KEI Industries Ltd.,Capital Goods,KEI,EQ,INE878B01027,13310
KNR Constructions Ltd.,Construction,KNRCON,EQ,INE634I01029,15283
KPIT Technologies Ltd.,Information Technology,KPITTECH,EQ,INE04I401011,9683
Kajaria Ceramics Ltd.,Consumer Durables,KAJARIACER,EQ,INE217B01036,1808
Kalpataru Projects International Ltd.,Construction,KPIL,EQ,INE220B01022,1814
Kalyan Jewellers India Ltd.,Consumer Durables,KALYANKJIL,EQ,INE303R01014,2955
Kansai Nerolac Paints Ltd.,Consumer Durables,KANSAINER,EQ,INE531A01024,1196
Karur Vysya Bank Ltd.,Financial Services,KARURVYSYA,EQ,INE036D01028,1838
Kaynes Technology India Ltd.,Capital Goods,KAYNES,EQ,INE918Z01012,12092
Kec International Ltd.,Construction,KEC,EQ,INE389H01022,13260
Kfin Technologies Ltd.,Financial Services,KFINTECH,EQ,INE138Y01010,13359
Kirloskar Brothers Ltd.,Capital Goods,KIRLOSBROS,EQ,INE732A01036,18581
Kirloskar Oil Eng Ltd.,Capital Goods,KIRLOSENG,EQ,INE146L01010,20936
Kotak Mahindra Bank Ltd.,Financial Services,KOTAKBANK,EQ,INE237A01028,1922
Krishna Institute of Medical Sciences Ltd.,Healthcare,KIMS,EQ,INE967H01025,4847
L&T Finance Ltd.,Financial Services,LTF,EQ,INE498L01015,24948
L&T Technology Services Ltd.,Information Technology,LTTS,EQ,INE010V01017,18564
LIC Housing Finance Ltd.,Financial Services,LICHSGFIN,EQ,INE115A01026,1997
LT Foods Ltd.,Fast Moving Consumer Goods,LTFOODS,EQ,INE818H01020,13816
LTIMindtree Ltd.,Information Technology,LTIM,EQ,INE214T01019,17818
Larsen & Toubro Ltd.,Construction,LT,EQ,INE018A01030,11483
Latent View Analytics Ltd.,Information Technology,LATENTVIEW,EQ,INE0I7C01011,6818
Laurus Labs Ltd.,Healthcare,LAURUSLABS,EQ,INE947Q01028,19234
Lemon Tree Hotels Ltd.,Consumer Services,LEMONTREE,EQ,INE970X01018,2606
Life Insurance Corporation of India,Financial Services,LICI,EQ,INE0J1Y01017,9480
Linde India Ltd.,Chemicals,LINDEINDIA,EQ,INE473A01011,1627
Lloyds Metals And Energy Ltd.,Metals & Mining,LLOYDSME,EQ,INE281B01032,17313
Lupin Ltd.,Healthcare,LUPIN,EQ,INE326A01037,10440
MMTC Ltd.,Services,MMTC,EQ,INE123F01029,17957
MRF Ltd.,Automobile and Auto Components,MRF,EQ,INE883A01011,2277
Macrotech Developers Ltd.,Realty,LODHA,EQ,INE670K01029,3220
Mahanagar Gas Ltd.,Oil Gas & Consumable Fuels,MGL,EQ,INE002S01010,17534
Maharashtra Seamless Ltd.,Capital Goods,MAHSEAMLES,EQ,INE271B01025,2088
Mahindra & Mahindra Financial Services Ltd.,Financial Services,M&MFIN,EQ,INE774D01024,20050
Mahindra & Mahindra Ltd.,Automobile and Auto Components,M&M,EQ,INE101A01026,2031
Manappuram Finance Ltd.,Financial Services,MANAPPURAM,EQ,INE522D01027,19061
Mangalore Refinery & Petrochemicals Ltd.,Oil Gas & Consumable Fuels,MRPL,EQ,INE103A01014,2283
Mankind Pharma Ltd.,Healthcare,MANKIND,EQ,INE634S01028,15380
Marico Ltd.,Fast Moving Consumer Goods,MARICO,EQ,INE196A01026,4067
Maruti Suzuki India Ltd.,Automobile and Auto Components,MARUTI,EQ,INE585B01010,10999
Mastek Ltd.,Information Technology,MASTEK,EQ,INE759A01021,2124
Max Financial Services Ltd.,Financial Services,MFSL,EQ,INE180A01020,2142
Max Healthcare Institute Ltd.,Healthcare,MAXHEALTH,EQ,INE027H01010,22377
Mazagoan Dock Shipbuilders Ltd.,Capital Goods,MAZDOCK,EQ,INE249Z01020,509
Metropolis Healthcare Ltd.,Healthcare,METROPOLIS,EQ,INE112L01020,9581
Minda Corporation Ltd.,Automobile and Auto Components,MINDACORP,EQ,INE842C01021,25897
Motherson Sumi Wiring India Ltd.,Automobile and Auto Components,MSUMI,EQ,INE0FS801015,8596
Motilal Oswal Financial Services Ltd.,Financial Services,MOTILALOFS,EQ,INE338I01027,14947
MphasiS Ltd.,Information Technology,MPHASIS,EQ,INE356A01018,4503
Multi Commodity Exchange of India Ltd.,Financial Services,MCX,EQ,INE745G01035,31181
Muthoot Finance Ltd.,Financial Services,MUTHOOTFIN,EQ,INE414G01012,23650
NATCO Pharma Ltd.,Healthcare,NATCOPHARM,EQ,INE987B01026,3918
NBCC (India) Ltd.,Construction,NBCC,EQ,INE095N01031,31415
NCC Ltd.,Construction,NCC,EQ,INE868B01028,2319
NHPC Ltd.,Power,NHPC,EQ,INE848E01016,17400
NLC India Ltd.,Power,NLCINDIA,EQ,INE589A01014,8585
NMDC Ltd.,Metals & Mining,NMDC,EQ,INE584A01023,15332
NMDC Steel Ltd.,Metals & Mining,NSLNISP,EQ,INE0NNS01018,14180
NTPC Green Energy Ltd.,Power,NTPCGREEN,EQ,INE0ONG01011,27176
NTPC Ltd.,Power,NTPC,EQ,INE733E01010,11630
Narayana Hrudayalaya Ltd.,Healthcare,NH,EQ,INE410P01011,11840
National Aluminium Co. Ltd.,Metals & Mining,NATIONALUM,EQ,INE139A01034,6364
Nava Ltd.,Power,NAVA,EQ,INE725A01030,4014
Navin Fluorine International Ltd.,Chemicals,NAVINFLUOR,EQ,INE048G01026,14672
Nestle India Ltd.,Fast Moving Consumer Goods,NESTLEIND,EQ,INE239A01024,17963
Netweb Technologies India Ltd.,Information Technology,NETWEB,EQ,INE0NT901020,17433
Network18 Media & Investments Ltd.,Media Entertainment & Publication,NETWORK18,EQ,INE870H01013,14111
Neuland Laboratories Ltd.,Healthcare,NEULANDLAB,EQ,INE794A01010,2406
Newgen Software Technologies Ltd.,Information Technology,NEWGEN,EQ,INE619B01017,1164
Nippon Life India Asset Management Ltd.,Financial Services,NAM-INDIA,EQ,INE298J01013,357
Niva Bupa Health Insurance Company Ltd.,Financial Services,NIVABUPA,EQ,INE995S01015,27097
Nuvama Wealth Management Ltd.,Financial Services,NUVAMA,EQ,INE531F01015,18721
Oberoi Realty Ltd.,Realty,OBEROIRLTY,EQ,INE093I01010,20242
Oil & Natural Gas Corporation Ltd.,Oil Gas & Consumable Fuels,ONGC,EQ,INE213A01029,2475
Oil India Ltd.,Oil Gas & Consumable Fuels,OIL,EQ,INE274J01014,17438
Ola Electric Mobility Ltd.,Automobile and Auto Components,OLAELEC,EQ,INE0LXG01040,24777
Olectra Greentech Ltd.,Automobile and Auto Components,OLECTRA,EQ,INE260D01016,10637
One 97 Communications Ltd.,Financial Services,PAYTM,EQ,INE982J01020,6705
Oracle Financial Services Software Ltd.,Information Technology,OFSS,EQ,INE881D01027,10738
PB Fintech Ltd.,Financial Services,POLICYBZR,EQ,INE417T01026,6656
PCBL Chemical Ltd.,Chemicals,PCBL,EQ,INE602A01031,2649
PG Electroplast Ltd.,Consumer Durables,PGEL,EQ,INE457L01029,25358
PI Industries Ltd.,Chemicals,PIIND,EQ,INE603J01030,24184
PNB Housing Finance Ltd.,Financial Services,PNBHOUSING,EQ,INE572E01012,18908
PNC Infratech Ltd.,Construction,PNCINFRA,EQ,INE195J01029,9385
PTC Industries Ltd.,Capital Goods,PTCIL,EQ,INE596F01018,16682
PVR INOX Ltd.,Media Entertainment & Publication,PVRINOX,EQ,INE191H01014,13147
Page Industries Ltd.,Textiles,PAGEIND,EQ,INE761H01022,14413
Patanjali Foods Ltd.,Fast Moving Consumer Goods,PATANJALI,EQ,INE619A01035,17029
Persistent Systems Ltd.,Information Technology,PERSISTENT,EQ,INE262H01021,18365
Petronet LNG Ltd.,Oil Gas & Consumable Fuels,PETRONET,EQ,INE347G01014,11351
Pfizer Ltd.,Healthcare,PFIZER,EQ,INE182A01018,2643
Phoenix Mills Ltd.,Realty,PHOENIXLTD,EQ,INE211B01039,14552
Pidilite Industries Ltd.,Chemicals,PIDILITIND,EQ,INE318A01026,2664
Piramal Enterprises Ltd.,Financial Services,PEL,EQ,INE140A01024,2412
Piramal Pharma Ltd.,Healthcare,PPLPHARMA,EQ,INE0DK501011,11571
Poly Medicure Ltd.,Healthcare,POLYMED,EQ,INE205C01021,25718
Polycab India Ltd.,Capital Goods,POLYCAB,EQ,INE455K01017,9590
Poonawalla Fincorp Ltd.,Financial Services,POONAWALLA,EQ,INE511C01022,11403
Power Finance Corporation Ltd.,Financial Services,PFC,EQ,INE134E01011,14299
Power Grid Corporation of India Ltd.,Power,POWERGRID,EQ,INE752E01010,14977
Praj Industries Ltd.,Capital Goods,PRAJIND,EQ,INE074A01025,2705
Premier Energies Ltd.,Capital Goods,PREMIERENE,EQ,INE0BS701011,25049
Prestige Estates Projects Ltd.,Realty,PRESTIGE,EQ,INE811K01011,20302
Punjab National Bank,Financial Services,PNB,EQ,INE160A01022,10666
R R Kabel Ltd.,Capital Goods,RRKABEL,EQ,INE777K01022,18566
RBL Bank Ltd.,Financial Services,RBLBANK,EQ,INE976G01028,18391
REC Ltd.,Financial Services,RECLTD,EQ,INE020B01018,15355
RHI MAGNESITA INDIA LTD.,Capital Goods,RHIM,EQ,INE743M01012,31163
RITES Ltd.,Construction,RITES,EQ,INE320J01015,3761
Radico Khaitan Ltd,Fast Moving Consumer Goods,RADICO,EQ,INE944F01028,10990
Rail Vikas Nigam Ltd.,Construction,RVNL,EQ,INE415G01027,9552
Railtel Corporation Of India Ltd.,Telecommunication,RAILTEL,EQ,INE0DD101019,2431
Rainbow Childrens Medicare Ltd.,Healthcare,RAINBOW,EQ,INE961O01016,9408
Ramkrishna Forgings Ltd.,Automobile and Auto Components,RKFORGE,EQ,INE399G01023,11411
Rashtriya Chemicals & Fertilizers Ltd.,Chemicals,RCF,EQ,INE027A01015,2866
RattanIndia Enterprises Ltd.,Consumer Services,RTNINDIA,EQ,INE834M01019,27297
Raymond Lifestyle Ltd.,Textiles,RAYMONDLSL,EQ,INE02ID01020,25073
Raymond Ltd.,Realty,RAYMOND,BE,INE301A01014,2859
Redington Ltd.,Services,REDINGTON,EQ,INE891D01026,14255
Reliance Industries Ltd.,Oil Gas & Consumable Fuels,RELIANCE,EQ,INE002A01018,2885
Reliance Power Ltd.,Power,RPOWER,EQ,INE614G01033,15259
Route Mobile Ltd.,Telecommunication,ROUTE,EQ,INE450U01017,128
SBFC Finance Ltd.,Financial Services,SBFC,EQ,INE423Y01016,18026
SBI Cards and Payment Services Ltd.,Financial Services,SBICARD,EQ,INE018E01016,17971
SBI Life Insurance Company Ltd.,Financial Services,SBILIFE,EQ,INE123W01016,21808
SJVN Ltd.,Power,SJVN,EQ,INE002L01015,18883
SKF India Ltd.,Capital Goods,SKFINDIA,EQ,INE640A01023,3186
SRF Ltd.,Chemicals,SRF,EQ,INE647A01010,3273
Sagility India Ltd.,Information Technology,SAGILITY,EQ,INE0W2G01015,27052
Sai Life Sciences Ltd.,Healthcare,SAILIFE,EQ,INE570L01029,27839
Sammaan Capital Ltd.,Financial Services,SAMMAANCAP,EQ,INE148I01020,30125
Samvardhana Motherson International Ltd.,Automobile and Auto Components,MOTHERSON,EQ,INE775A01035,4204
Sapphire Foods India Ltd.,Consumer Services,SAPPHIRE,EQ,INE806T01020,6718
Sarda Energy and Minerals Ltd.,Metals & Mining,SARDAEN,EQ,INE385C01021,17758
Saregama India Ltd,Media Entertainment & Publication,SAREGAMA,EQ,INE979A01025,4892
Schaeffler India Ltd.,Automobile and Auto Components,SCHAEFFLER,EQ,INE513A01022,1011
Schneider Electric Infrastructure Ltd.,Capital Goods,SCHNEIDER,EQ,INE839M01018,31234
Shipping Corporation of India Ltd.,Services,SCI,EQ,INE109A01011,3048
Shree Cement Ltd.,Construction Materials,SHREECEM,EQ,INE070A01015,3103
Shree Renuka Sugars Ltd.,Fast Moving Consumer Goods,RENUKA,EQ,INE087H01022,12026
Shriram Finance Ltd.,Financial Services,SHRIRAMFIN,EQ,INE721A01047,4306
Shyam Metalics and Energy Ltd.,Capital Goods,SHYAMMETL,EQ,INE810G01011,4693
Siemens Ltd.,Capital Goods,SIEMENS,EQ,INE003A01024,3150
Signatureglobal (India) Ltd.,Realty,SIGNATURE,EQ,INE903U01023,18743
Sobha Ltd.,Realty,SOBHA,EQ,INE671H01015,13826
Solar Industries India Ltd.,Chemicals,SOLARINDS,EQ,INE343H01029,13332
Sona BLW Precision Forgings Ltd.,Automobile and Auto Components,SONACOMS,EQ,INE073K01018,4684
Sonata Software Ltd.,Information Technology,SONATSOFTW,EQ,INE269A01021,6596
Star Health and Allied Insurance Company Ltd.,Financial Services,STARHEALTH,EQ,INE575P01011,7083
State Bank of India,Financial Services,SBIN,EQ,INE062A01020,3045
Steel Authority of India Ltd.,Metals & Mining,SAIL,EQ,INE114A01011,2963
Sterling and Wilson Renewable Energy Ltd.,Construction,SWSOLAR,EQ,INE00M201021,12489
Sumitomo Chemical India Ltd.,Chemicals,SUMICHEM,EQ,INE258G01013,17105
Sun Pharmaceutical Industries Ltd.,Healthcare,SUNPHARMA,EQ,INE044A01036,3351
Sun TV Network Ltd.,Media Entertainment & Publication,SUNTV,EQ,INE424H01027,13404
Sundaram Finance Ltd.,Financial Services,SUNDARMFIN,EQ,INE660A01013,3339
Sundram Fasteners Ltd.,Automobile and Auto Components,SUNDRMFAST,EQ,INE387A01021,3345
Supreme Industries Ltd.,Capital Goods,SUPREMEIND,EQ,INE195A01028,3363
Suzlon Energy Ltd.,Capital Goods,SUZLON,EQ,INE040H01021,12018
Swan Energy Ltd.,Chemicals,SWANENERGY,EQ,INE665A01038,27095
Swiggy Ltd.,Consumer Services,SWIGGY,EQ,INE00H001014,27066
Syngene International Ltd.,Healthcare,SYNGENE,EQ,INE398R01022,10243
Syrma SGS Technology Ltd.,Capital Goods,SYRMA,EQ,INE0DYJ01015,10793
TBO Tek Ltd.,Consumer Services,TBOTEK,EQ,INE673O01025,23740
TVS Motor Company Ltd.,Automobile and Auto Components,TVSMOTOR,EQ,INE494B01023,8479
Tanla Platforms Ltd.,Information Technology,TANLA,EQ,INE483C01032,13976
Tata Chemicals Ltd.,Chemicals,TATACHEM,EQ,INE092A01019,3405
Tata Communications Ltd.,Telecommunication,TATACOMM,EQ,INE151A01013,3721
Tata Consultancy Services Ltd.,Information Technology,TCS,EQ,INE467B01029,11536
Tata Consumer Products Ltd.,Fast Moving Consumer Goods,TATACONSUM,EQ,INE192A01025,3432
Tata Elxsi Ltd.,Information Technology,TATAELXSI,EQ,INE670A01012,3411
Tata Investment Corporation Ltd.,Financial Services,TATAINVEST,EQ,INE672A01018,1621
Tata Motors Ltd.,Automobile and Auto Components,TATAMOTORS,EQ,INE155A01022,3456
Tata Power Co. Ltd.,Power,TATAPOWER,EQ,INE245A01021,3426
Tata Steel Ltd.,Metals & Mining,TATASTEEL,EQ,INE081A01020,3499
Tata Technologies Ltd.,Information Technology,TATATECH,EQ,INE142M01025,20293
Tata Teleservices (Maharashtra) Ltd.,Telecommunication,TTML,EQ,INE517B01013,8954
Tech Mahindra Ltd.,Information Technology,TECHM,EQ,INE669C01036,13538
Techno Electric & Engineering Company Ltd.,Construction,TECHNOE,EQ,INE285K01026,6445
Tejas Networks Ltd.,Telecommunication,TEJASNET,EQ,INE010J01012,21131
The New India Assurance Company Ltd.,Financial Services,NIACL,EQ,INE470Y01017,399
The Ramco Cements Ltd.,Construction Materials,RAMCOCEM,EQ,INE331A01037,2043
Thermax Ltd.,Capital Goods,THERMAX,EQ,INE152A01029,3475
Timken India Ltd.,Capital Goods,TIMKEN,EQ,INE325A01013,14198
Titagarh Rail Systems Ltd.,Capital Goods,TITAGARH,EQ,INE615H01020,15414
Titan Company Ltd.,Consumer Durables,TITAN,EQ,INE280A01028,3506
Torrent Pharmaceuticals Ltd.,Healthcare,TORNTPHARM,EQ,INE685A01028,3518
Torrent Power Ltd.,Power,TORNTPOWER,EQ,INE813H01021,13786
Transformers And Rectifiers (India) Ltd.,Capital Goods,TARIL,EQ,INE763I01026,15174
Trent Ltd.,Consumer Services,TRENT,EQ,INE849A01020,1964
Trident Ltd.,Textiles,TRIDENT,EQ,INE064C01022,9685
Triveni Engineering & Industries Ltd.,Fast Moving Consumer Goods,TRIVENI,EQ,INE256C01024,13081
Triveni Turbine Ltd.,Capital Goods,TRITURBINE,EQ,INE152M01016,25584
Tube Investments of India Ltd.,Automobile and Auto Components,TIINDIA,EQ,INE974X01010,312
UCO Bank,Financial Services,UCOBANK,EQ,INE691A01018,11223
UNO Minda Ltd.,Automobile and Auto Components,UNOMINDA,EQ,INE405E01023,14154
UPL Ltd.,Chemicals,UPL,EQ,INE628A01036,11287
UTI Asset Management Company Ltd.,Financial Services,UTIAMC,EQ,INE094J01016,527
UltraTech Cement Ltd.,Construction Materials,ULTRACEMCO,EQ,INE481G01011,11532
Union Bank of India,Financial Services,UNIONBANK,EQ,INE692A01016,10753
United Breweries Ltd.,Fast Moving Consumer Goods,UBL,EQ,INE686F01025,16713
United Spirits Ltd.,Fast Moving Consumer Goods,UNITDSPR,EQ,INE854D01024,10447
Usha Martin Ltd.,Capital Goods,USHAMART,EQ,INE228A01035,8840
V-Guard Industries Ltd.,Consumer Durables,VGUARD,EQ,INE951I01027,15362
Valor Estate Ltd.,Consumer Services,DBREALTY,EQ,INE879I01012,18124
Vardhman Textiles Ltd.,Textiles,VTL,EQ,INE825A01020,2073
Varun Beverages Ltd.,Fast Moving Consumer Goods,VBL,EQ,INE200M01039,18921
Vedant Fashions Ltd.,Consumer Services,MANYAVAR,EQ,INE825V01034,8167
Vedanta Ltd.,Metals & Mining,VEDL,EQ,INE205A01025,3063
Vijaya Diagnostic Centre Ltd.,Healthcare,VIJAYA,EQ,INE043W01024,5585
Vishal Mega Mart Ltd.,Consumer Services,VMM,EQ,INE01EA01019,27969
Vodafone Idea Ltd.,Telecommunication,IDEA,EQ,INE669E01016,14366
Voltas Ltd.,Consumer Durables,VOLTAS,EQ,INE226A01021,3718
Waaree Energies Ltd.,Capital Goods,WAAREEENER,EQ,INE377N01017,25907
Welspun Corp Ltd.,Capital Goods,WELCORP,EQ,INE191B01025,11821
Welspun Living Ltd.,Textiles,WELSPUNLIV,EQ,INE192B01031,11253
Westlife Foodworld Ltd.,Consumer Services,WESTLIFE,EQ,INE274F01020,11580
Whirlpool of India Ltd.,Consumer Durables,WHIRLPOOL,EQ,INE716A01013,18011
Wipro Ltd.,Information Technology,WIPRO,EQ,INE075A01022,3787
Wockhardt Ltd.,Healthcare,WOCKPHARMA,EQ,INE049B01025,7506
Yes Bank Ltd.,Financial Services,YESBANK,EQ,INE528G01035,11915
ZF Commercial Vehicle Control Systems India Ltd.,Automobile and Auto Components,ZFCVINDIA,EQ,INE342J01019,16915
Zee Entertainment Enterprises Ltd.,Media Entertainment & Publication,ZEEL,EQ,INE256A01028,3812
Zen Technologies Ltd.,Capital Goods,ZENTEC,EQ,INE251B01027,7508
Zensar Technolgies Ltd.,Information Technology,ZENSARTECH,EQ,INE520A01027,1076
Zydus Lifesciences Ltd.,Healthcare,ZYDUSLIFE,EQ,INE010B01027,7929
eClerx Services Ltd.,Services,ECLERX,EQ,INE738I01010,15179
